{
  "ticker": "394420",
  "name": "리센스메디컬",
  "quarterly": [
    {
      "period": "2025Q4",
      "stac_yymm": "202512",
      "revenue": 13,
      "operating_profit": -39,
      "net_income": -39,
      "op_margin": -300,
      "yoy_revenue": -79.36507936507937,
      "yoy_op": 50,
      "qoq_revenue": -82.66666666666667,
      "qoq_op": 74.3421052631579
    },
    {
      "period": "2025Q3",
      "stac_yymm": "202509",
      "revenue": 75,
      "operating_profit": -152,
      "net_income": -152,
      "op_margin": -202.66666666666669,
      "yoy_revenue": null,
      "yoy_op": null,
      "qoq_revenue": 19.047619047619047,
      "qoq_op": -94.87179487179486
    },
    {
      "period": "2024Q4",
      "stac_yymm": "202412",
      "revenue": 63,
      "operating_profit": -78,
      "net_income": -78,
      "op_margin": -123.80952380952381,
      "yoy_revenue": 8.620689655172415,
      "yoy_op": -2.631578947368421,
      "qoq_revenue": 8.620689655172415,
      "qoq_op": -2.631578947368421
    },
    {
      "period": "2023Q4",
      "stac_yymm": "202312",
      "revenue": 58,
      "operating_profit": -76,
      "net_income": -76,
      "op_margin": -131.0344827586207,
      "yoy_revenue": null,
      "yoy_op": null,
      "qoq_revenue": null,
      "qoq_op": null
    }
  ],
  "annual": null,
  "ratios": {
    "eps": -2058,
    "bps": 742,
    "debt_ratio": 72.09
  }
}
