{
  "ticker": "458350",
  "name": "에스팀",
  "market": "KOSDAQ",
  "sector": "Communication Services",
  "quarterly": [
    {
      "period": "2025Q4",
      "stac_yymm": "202512",
      "revenue": 91,
      "operating_profit": 6,
      "net_income": 7,
      "op_margin": 6.593406593406594,
      "yoy_revenue": -74.43820224719101,
      "yoy_op": -68.42105263157895,
      "qoq_revenue": -65.13409961685824,
      "qoq_op": -64.70588235294117
    },
    {
      "period": "2025Q3",
      "stac_yymm": "202509",
      "revenue": 261,
      "operating_profit": 17,
      "net_income": 14,
      "op_margin": 6.513409961685824,
      "yoy_revenue": null,
      "yoy_op": null,
      "qoq_revenue": -26.685393258426966,
      "qoq_op": -10.526315789473683
    },
    {
      "period": "2024Q4",
      "stac_yymm": "202412",
      "revenue": 356,
      "operating_profit": 19,
      "net_income": 14,
      "op_margin": 5.337078651685393,
      "yoy_revenue": null,
      "yoy_op": null,
      "qoq_revenue": null,
      "qoq_op": null
    }
  ],
  "annual": [
    {
      "year": "2025",
      "revenue": 352,
      "operating_profit": 23,
      "net_income": 21,
      "op_margin": 6.534090909090909
    },
    {
      "year": "2024",
      "revenue": 356,
      "operating_profit": 19,
      "net_income": 14,
      "op_margin": 5.337078651685393
    }
  ],
  "ratios": {
    "eps": 239,
    "bps": 1774,
    "debt_ratio": 62.77
  }
}
