{
  "ticker": "460470",
  "name": "아이빔테크놀로지",
  "quarterly": [
    {
      "period": "2024Q4",
      "stac_yymm": "202412",
      "revenue": 36,
      "operating_profit": -40,
      "net_income": -40,
      "op_margin": -111.11111111111111,
      "yoy_revenue": -20,
      "yoy_op": 20,
      "qoq_revenue": -20,
      "qoq_op": 20
    },
    {
      "period": "2023Q4",
      "stac_yymm": "202312",
      "revenue": 45,
      "operating_profit": -50,
      "net_income": -50,
      "op_margin": -111.11111111111111,
      "yoy_revenue": 246.15384615384616,
      "yoy_op": 48.45360824742268,
      "qoq_revenue": 246.15384615384616,
      "qoq_op": 48.45360824742268
    },
    {
      "period": "2022Q4",
      "stac_yymm": "202212",
      "revenue": 13,
      "operating_profit": -97,
      "net_income": -97,
      "op_margin": -746.1538461538462,
      "yoy_revenue": 160,
      "yoy_op": -273.0769230769231,
      "qoq_revenue": 160,
      "qoq_op": -273.0769230769231
    },
    {
      "period": "2021Q4",
      "stac_yymm": "202112",
      "revenue": 5,
      "operating_profit": -26,
      "net_income": -26,
      "op_margin": -520,
      "yoy_revenue": null,
      "yoy_op": null,
      "qoq_revenue": null,
      "qoq_op": null
    }
  ],
  "annual": null,
  "ratios": {
    "roe": -18.16,
    "eps": -293,
    "bps": 2073,
    "debt_ratio": 11.55
  }
}
